their,
would,
about,
there,
think,
which,
could,
other,
these,
first,
thing,
those,
woman,
child,
after,
world,
still,
three,
state,
never,
leave,
while,
great,
group,
begin,
where,
every,
start,
might,
place,
again,
right,
small,
night,
point,
today,
bring,
large,
under,
water,
write,
money,
story,
young,
month,
study,
issue,
black,
house,
since,
until,
power,
often,
among,
stand,
later,
white,
least,
learn,
watch,
speak,
level,
allow,
spend,
party,
early,
force,
offer,
maybe,
music,
human,
serve,
sense,
build,
death,
reach,
local,
class,
raise,
field,
major,
along,
heart,
light,
voice,
whole,
price,
carry,
drive,
break,
thank,
value,
model,
agree,
paper,
space,
event,
whose,
table,
court,
teach,
image,
phone,
cover,
quite,
clear,
piece,
movie,
north,
third,
catch,
cause,
plant,
short,
south,
floor,
close,
wrong,
sport,
board,
fight,
throw,
order,
focus,
blood,
color,
store,
sound,
enter,
share,
shoot,
seven,
scene,
stock,
eight,
happy,
occur,
media,
ready,
argue,
staff,
trade,
glass,
skill,
crime,
stage,
truth,
check,
laugh,
guess,
prove,
claim,
enjoy,
legal,
final,
green,
above,
trial,
radio,
visit,
avoid,
peace,
apply,
shake,
chair,
treat,
style,
adult,
worry,
range,
dream,
stuff,
hotel,
heavy,
tough,
exist,
agent,
owner,
ahead,
coach,
total,
civil,
mouth,
smile,
score,
front,
admit,
alone,
fresh,
video,
judge,
stare,
troop,
track,
basic,
plane,
labor,
refer,
touch,
sleep,
press,
brain,
dozen,
sorry,
stick,
stone,
scale,
drink,
truck,
sales,
shape,
crowd,
horse,
guard,
terms,
quick,
pound,
basis,
guest,
block,
title,
faith,
river,
count,
marry,
limit,
worth,
speed,
cross,
youth,
broad,
twice,
grade,
quiet,
dress,
aware,
chief,
below,
voter,
moral,
photo,
daily,
fully,
actor,
birth,
clean,
train,
plate,
alive,
abuse,
extra,
paint,
climb,
sweet,
metal,
urban,
lunch,
sugar,
enemy,
panel,
sight,
adopt,
works,
empty,
trail,
novel,
iraqi,
theme,
storm,
union,
fruit,
prime,
dance,
being,
shift,
email,
trend,
angry,
truly,
earth,
chest,
thick,
sheet,
ought,
brown,
shirt,
pilot,
guide,
steal,
funny,
blame,
crazy,
chain,
solve,
equal,
forth,
frame,
trust,
ocean,
tooth,
smart,
topic,
nurse,
aside,
doubt,
grant,
cloud,
cheap,
beach,
route,
upper,
tired,
fewer,
apart,
match,
proud,
waste,
wheel,
cable,
rural,
cream,
solid,
noise,
grass,
taste,
sharp,
lower,
honor,
knock,
asset,
bread,
lucky,
brief,
steel,
shout,
layer,
slide,
shall,
error,
print,
album,
joint,
reply,
cycle,
grand,
hello,
knife,
phase,
quote,
elect,
sauce,
shock,
habit,
juice,
entry,
maker,
asian,
usual,
anger,
round,
smell,
tower,
smoke,
coast,
inner,
swing,
mayor,
fifth,
favor,
weigh,
false,
latin,
essay,
giant,
depth,
shell,
onion,
brand,
award,
arise,
armed,
stake,
fiber,
minor,
label,
index,
draft,
rough,
drama,
clock,
sweep,
super,
yield,
fence,
bunch,
found,
react,
cheek,
apple,
virus,
blind,
slave,
elite,
tight,
bible,
chart,
solar,
strip,
salad,
pause,
bench,
lover,
newly,
imply,
pride,
ideal,
crash,
craft,
fault,
loose,
prior,
relax,
stair,
proof,
dirty,
alter,
split,
vital,
adapt,
irish,
honey,
tribe,
shelf,
buyer,
shade,
mount,
angle,
crack,
given,
trace,
meter,
rapid,
fifty,
porch,
rifle,
trick,
nerve,
ratio,
humor,
glove,
delay,
scope,
badly,
eager,
motor,
float,
blade,
cabin,
yours,
pitch,
lemon,
naked,
shrug,
flame,
wound,
flesh,
grain,
brush,
seize,
shore,
ghost,
awful,
piano,
mouse,
chase,
brick,
patch,
swear,
slice,
exact,
uncle,
grave,
couch,
shine,
upset,
organ,
magic,
jeans,
flour,
slope,
candy,
medal,
curve,
logic,
harsh,
greet,
march,
snake,
flash,
islam,
roman,
elbow,
plead,
sixth,
trunk,
rumor,
cloth,
plain,
fraud,
array,
flood,
arena,
drift,
drain,
hurry,
wrist,
guilt,
skirt,
hence,
await,
spill,
grace,
towel,
prize,
boost,
alarm,
weird,
sweat,
outer,
drunk,
chaos,
forty,
lobby,
trait,
thumb,
unity,
twist,
shame,
rebel,
fluid,
click,
carve,
belly,
scare,
ankle,
rider,
crawl,
donor,
opera,
clerk,
laser,
realm,
blend,
pizza,
civic,
steep,
alien,
scary,
angel,
silly,
ranch,
elder,
dutch,
greek,
quest,
juror,
stiff,
toxic,
grief,
buddy,
sword,
glory,
faint,
queen,
input,
steam,
unite,
equip,
bless,
bonus,
mixed,
orbit,
grasp,
spite,
cuban,
wagon,
sheer,
thigh,
sheep,
whale,
skull,
spell,
booth,
waist,
royal,
panic,
crush,
cliff,
tumor,
pulse,
fixed,
diary,
irony,
spoon,
midst,
alley,
rival,
punch,
known,
purse,
cheat,
fever,
dried,
shove,
stove,
alike,
dough,
trash,
gross,
spray,
beast,
shark,
fleet,
debut,
scent,
stack,
cease,
nasty,
wheat,
aisle,
vocal,
risky,
pasta,
genre,
merit,
chunk,
robot,
boast,
added,
sneak,
blank,
dying,
spare,
cling,
blink,
squad,
chill,
steer,
rally,
cheer,
steak,
awake,
liver,
widow,
beard,
brake,
valid,
forum,
enact,
suite,
straw,
globe,
blast,
screw,
drill,
cruel,
grape,
charm,
loyal,
radar,
frown,
spark,
blond,
arrow,
ridge,
brave,
dense,
sunny,
swell,
bride,
weave,
devil,
cargo,
spine,
fatal,
drown,
kneel,
aback,
abase,
abate,
abbey,
abbot,
abhor,
abide,
abled,
abode,
abort,
abyss,
acorn,
acrid,
acute,
adage,
adept,
admin,
adobe,
adore,
adorn,
affix,
afire,
afoot,
afoul,
agape,
agate,
agile,
aging,
aglow,
agony,
agora,
aider,
alert,
algae,
alibi,
align,
allay,
allot,
alloy,
aloft,
aloof,
aloud,
alpha,
altar,
amass,
amaze,
amber,
amble,
amend,
amiss,
amity,
ample,
amply,
amuse,
angst,
anime,
annex,
annoy,
annul,
anode,
antic,
anvil,
aorta,
aphid,
aping,
apnea,
apron,
aptly,
arbor,
ardor,
armor,
aroma,
arose,
arson,
artsy,
ascot,
ashen,
askew,
assay,
atoll,
atone,
attic,
audio,
audit,
augur,
aunty,
avail,
avert,
avian,
awash,
awoke,
axial,
axiom,
axion,
azure,
bacon,
badge,
bagel,
baggy,
baker,
baler,
balmy,
banal,
banjo,
barge,
baron,
basal,
basil,
basin,
baste,
batch,
bathe,
baton,
batty,
bawdy,
bayou,
beady,
beech,
beefy,
befit,
began,
begat,
beget,
begun,
belch,
belie,
belle,
beret,
berry,
berth,
beset,
betel,
bevel,
bezel,
bible,
bicep,
biddy,
bigot,
bilge,
billy,
binge,
bingo,
biome,
birch,
bison,
bitty,
bland,
blare,
blaze,
bleak,
bleat,
bleed,
bleep,
blimp,
bliss,
blitz,
bloat,
bloke,
bloom,
blown,
bluer,
bluff,
blunt,
blurb,
blurt,
blush,
bobby,
boney,
bongo,
booby,
booty,
booze,
boozy,
borax,
borne,
bosom,
bossy,
botch,
bough,
boule,
bound,
bowel,
boxer,
brace,
braid,
brash,
brass,
bravo,
brawl,
brawn,
breed,
briar,
bribe,
brine,
brink,
briny,
brisk,
broil,
broke,
brood,
brook,
broom,
broth,
brunt,
brute,
budge,
buggy,
bugle,
built,
bulge,
bulky,
bully,
bunny,
burly,
burnt,
burst,
bused,
bushy,
butch,
butte,
buxom,
bylaw,
cabal,
cabby,
cacao,
cache,
cacti,
caddy,
cadet,
cagey,
cairn,
camel,
cameo,
canal,
canny,
canoe,
canon,
caper,
caput,
carat,
carol,
caste,
cater,
catty,
caulk,
cavil,
cedar,
cello,
chafe,
chaff,
chalk,
champ,
chant,
chard,
chasm,
chess,
chick,
chide,
chili,
chime,
china,
chirp,
chock,
choir,
choke,
chord,
chore,
chose,
chuck,
chump,
churn,
chute,
cider,
cigar,
cinch,
circa,
clack,
clamp,
clang,
clank,
clash,
clasp,
cleat,
cleft,
clink,
cloak,
clone,
clout,
clove,
clown,
cluck,
clued,
clump,
clung,
cobra,
cocoa,
colon,
comet,
comfy,
comic,
comma,
conch,
condo,
conic,
copse,
coral,
corer,
corny,
cough,
coupe,
coven,
covet,
covey,
cower,
coyly,
cramp,
crane,
crank,
crass,
crate,
crave,
craze,
creak,
credo,
creed,
creek,
creep,
creme,
crepe,
crept,
cress,
crest,
crick,
cried,
crier,
crimp,
crisp,
croak,
crock,
crone,
crony,
crook,
croup,
crown,
crude,
crumb,
crump,
crust,
crypt,
cubic,
cumin,
curio,
curly,
curry,
curse,
curvy,
cutie,
cyber,
cynic,
daddy,
dairy,
daisy,
dally,
dandy,
datum,
daunt,
dealt,
debar,
debit,
debug,
decal,
decay,
decor,
decoy,
decry,
defer,
deign,
deity,
delta,
delve,
demon,
demur,
denim,
depot,
derby,
deter,
detox,
deuce,
dicey,
digit,
dilly,
dimly,
diner,
dingo,
dingy,
diode,
dirge,
disco,
ditch,
ditto,
ditty,
diver,
dizzy,
dodge,
dodgy,
dogma,
doing,
dolly,
donut,
dopey,
dowdy,
dowel,
downy,
dowry,
drake,
drank,
drape,
drawl,
drawn,
dread,
drier,
droit,
droll,
drone,
drool,
droop,
dross,
drove,
druid,
dryer,
dryly,
duchy,
dully,
dummy,
dumpy,
dunce,
dusky,
dusty,
dutch,
duvet,
dwarf,
dwell,
dwelt,
eagle,
easel,
eaten,
eater,
ebony,
eclat,
edict,
edify,
eerie,
egret,
eject,
eking,
elate,
elegy,
elfin,
elide,
elope,
elude,
embed,
ember,
emcee,
endow,
enema,
ennui,
ensue,
envoy,
epoch,
epoxy,
erase,
erect,
erode,
erupt,
ester,
ether,
ethic,
ethos,
etude,
evade,
evict,
evoke,
exalt,
excel,
exert,
exile,
expel,
extol,
exult,
eying,
fable,
facet,
fairy,
false,
fancy,
fanny,
farce,
fatty,
fauna,
feast,
fecal,
feign,
fella,
felon,
femme,
femur,
feral,
ferry,
fetal,
fetch,
fetid,
fetus,
fibre,
ficus,
fiend,
fiery,
filer,
filet,
filly,
filmy,
filth,
finch,
finer,
fishy,
fixer,
fizzy,
fjord,
flack,
flail,
flair,
flake,
flaky,
flank,
flare,
flask,
fleck,
flick,
flier,
fling,
flint,
flirt,
flock,
flora,
floss,
flout,
flown,
fluff,
fluke,
flume,
flung,
flunk,
flush,
flute,
flyer,
foamy,
focal,
foggy,
foist,
folio,
folly,
foray,
forge,
forgo,
forte,
foyer,
frail,
frank,
freak,
freed,
freer,
friar,
fried,
frill,
frisk,
fritz,
frock,
frond,
frost,
froth,
froze,
fudge,
fugue,
fungi,
funky,
furor,
furry,
fussy,
fuzzy,
gaffe,
gaily,
gamer,
gamma,
gamut,
gassy,
gaudy,
gauge,
gaunt,
gauze,
gavel,
gawky,
gayer,
gayly,
gazer,
gecko,
geeky,
geese,
genie,
ghoul,
giddy,
gipsy,
girly,
girth,
giver,
glade,
gland,
glare,
glaze,
gleam,
glean,
glide,
glint,
gloat,
gloom,
gloss,
glyph,
gnash,
gnome,
godly,
going,
golem,
golly,
gonad,
goner,
goody,
gooey,
goofy,
goose,
gorge,
gouge,
gourd,
graft,
grail,
graph,
grate,
gravy,
graze,
greed,
grill,
grime,
grimy,
grind,
gripe,
groan,
groin,
groom,
grope,
grout,
grove,
growl,
grown,
gruel,
gruff,
grunt,
guava,
guild,
guile,
guise,
gulch,
gully,
gumbo,
gummy,
guppy,
gusto,
gusty,
gypsy,
hairy,
halve,
handy,
hardy,
harem,
harpy,
harry,
haste,
hasty,
hatch,
hater,
haunt,
haute,
haven,
havoc,
hazel,
heady,
heard,
heath,
heave,
hedge,
hefty,
heist,
helix,
heron,
hilly,
hinge,
hippo,
hippy,
hitch,
hoard,
hobby,
hoist,
holly,
homer,
horde,
horny,
hotly,
hound,
hovel,
hover,
howdy,
humid,
humph,
humus,
hunch,
hunky,
husky,
hussy,
hutch,
hydro,
hyena,
hymen,
hyper,
icily,
icing,
idiom,
idiot,
idler,
idyll,
igloo,
iliac,
imbue,
impel,
inane,
inbox,
incur,
inept,
inert,
infer,
ingot,
inlay,
inlet,
inter,
intro,
ionic,
irate,
islet,
itchy,
ivory,
jaunt,
jazzy,
jelly,
jerky,
jetty,
jewel,
jiffy,
joist,
joker,
jolly,
joust,
juicy,
jumbo,
jumpy,
junta,
junto,
kappa,
karma,
kayak,
kebab,
khaki,
kinky,
kiosk,
kitty,
knack,
knave,
knead,
kneed,
knelt,
knoll,
koala,
krill,
laden,
ladle,
lager,
lance,
lanky,
lapel,
lapse,
larva,
lasso,
latch,
lathe,
latte,
leach,
leafy,
leaky,
leant,
leapt,
lease,
leash,
ledge,
leech,
leery,
lefty,
leggy,
lemur,
leper,
lever,
libel,
liege,
liken,
lilac,
limbo,
linen,
liner,
lingo,
lipid,
lithe,
livid,
llama,
loamy,
loath,
locus,
lodge,
lofty,
login,
loopy,
lorry,
loser,
louse,
lousy,
lowly,
lucid,
lumen,
lumpy,
lunar,
lunge,
lupus,
lurch,
lurid,
lusty,
lying,
lymph,
lynch,
lyric,
macaw,
macho,
macro,
madam,
madly,
mafia,
magma,
maize,
mambo,
mamma,
mammy,
manga,
mange,
mango,
mangy,
mania,
manic,
manly,
manor,
maple,
marsh,
mason,
masse,
matey,
mauve,
maxim,
mealy,
meant,
meaty,
mecca,
medic,
melee,
melon,
mercy,
merge,
merry,
metro,
micro,
midge,
milky,
mimic,
mince,
miner,
minim,
minty,
minus,
mirth,
miser,
missy,
mocha,
modal,
modem,
mogul,
moist,
molar,
moldy,
moody,
moose,
moron,
morph,
mossy,
motel,
motif,
motto,
moult,
mound,
mourn,
mover,
mower,
mucky,
mucus,
muddy,
mulch,
mummy,
munch,
mural,
murky,
mushy,
musky,
musty,
myrrh,
nadir,
naive,
nanny,
nasal,
natal,
naval,
navel,
needy,
neigh,
nerdy,
newer,
nicer,
niche,
niece,
ninja,
ninny,
ninth,
noble,
nobly,
noisy,
nomad,
noose,
nosey,
notch,
nudge,
nutty,
nylon,
nymph,
oaken,
obese,
octal,
octet,
odder,
oddly,
offal,
olden,
older,
olive,
ombre,
omega,
onset,
opine,
opium,
optic,
otter,
ounce,
outdo,
outgo,
ovary,
ovate,
overt,
ovine,
ovoid,
owing,
oxide,
ozone,
paddy,
pagan,
paler,
palsy,
pansy,
papal,
parer,
parka,
parry,
parse,
paste,
pasty,
patio,
patsy,
patty,
payee,
payer,
peach,
pearl,
pecan,
pedal,
penal,
pence,
penne,
penny,
perch,
peril,
perky,
pesky,
pesto,
petal,
petty,
phony,
picky,
piety,
piggy,
pinch,
piney,
pinky,
pinto,
piper,
pique,
pithy,
pivot,
pixel,
pixie,
plaid,
plait,
plank,
plaza,
pleat,
plied,
plier,
pluck,
plumb,
plume,
plump,
plunk,
plush,
poesy,
poise,
poker,
polar,
polka,
polyp,
pooch,
poppy,
poser,
posit,
posse,
pouch,
pouty,
prank,
prawn,
preen,
prick,
pried,
primo,
prism,
privy,
probe,
prone,
prong,
prose,
prowl,
proxy,
prude,
prune,
psalm,
pubic,
pudgy,
puffy,
pulpy,
pupal,
pupil,
puppy,
puree,
purer,
purge,
pushy,
putty,
pygmy,
quack,
quail,
quake,
qualm,
quark,
quart,
quash,
quasi,
queer,
quell,
query,
queue,
quill,
quilt,
quirk,
quota,
quoth,
rabbi,
rabid,
racer,
radii,
rainy,
rajah,
ralph,
ramen,
randy,
rarer,
raspy,
ratty,
raven,
rayon,
razor,
rearm,
rebar,
rebus,
rebut,
recap,
recur,
recut,
reedy,
refit,
regal,
rehab,
reign,
relay,
relic,
remit,
renal,
renew,
repay,
repel,
rerun,
reset,
resin,
retch,
retro,
retry,
reuse,
revel,
revue,
rhino,
rhyme,
rigid,
rigor,
rinse,
ripen,
riper,
risen,
riser,
rivet,
roach,
roast,
robin,
rocky,
rodeo,
roger,
rogue,
roomy,
roost,
rotor,
rouge,
rouse,
rover,
rowdy,
rower,
ruddy,
ruder,
rugby,
ruler,
rumba,
rupee,
rusty,
sadly,
safer,
saint,
sally,
salon,
salsa,
salty,
salve,
salvo,
sandy,
saner,
sappy,
sassy,
satin,
satyr,
saucy,
sauna,
saute,
savor,
savoy,
savvy,
scald,
scalp,
scaly,
scamp,
scant,
scarf,
scion,
scoff,
scold,
scone,
scoop,
scorn,
scour,
scout,
scowl,
scram,
scrap,
scree,
scrub,
scrum,
scuba,
sedan,
seedy,
segue,
semen,
sepia,
serif,
serum,
setup,
sever,
sewer,
shack,
shady,
shaft,
shaky,
shale,
shalt,
shank,
shard,
shave,
shawl,
shear,
sheen,
sheik,
shied,
shiny,
shire,
shirk,
shoal,
shone,
shook,
shorn,
shown,
showy,
shrew,
shrub,
shuck,
shunt,
shush,
shyly,
siege,
sieve,
sigma,
silky,
sinew,
singe,
siren,
sissy,
sixty,
skate,
skier,
skiff,
skimp,
skulk,
skunk,
slack,
slain,
slang,
slant,
slash,
slate,
sleek,
sleet,
slept,
slick,
slime,
slimy,
sling,
slink,
sloop,
slosh,
sloth,
slump,
slung,
slunk,
slurp,
slush,
slyly,
smack,
smash,
smear,
smelt,
smirk,
smite,
smith,
smock,
smoky,
smote,
snack,
snail,
snaky,
snare,
snarl,
sneer,
snide,
sniff,
snipe,
snoop,
snore,
snort,
snout,
snowy,
snuck,
snuff,
soapy,
sober,
soggy,
sonar,
sonic,
sooth,
sooty,
sower,
spade,
spank,
spasm,
spawn,
spear,
speck,
spelt,
spent,
sperm,
spice,
spicy,
spied,
spiel,
spike,
spiky,
spilt,
spiny,
spire,
splat,
spoil,
spoke,
spoof,
spook,
spool,
spore,
spout,
spree,
sprig,
spunk,
spurn,
spurt,
squat,
squib,
staid,
stain,
stale,
stalk,
stall,
stamp,
stank,
stark,
stash,
stave,
stead,
steed,
stein,
stern,
stilt,
sting,
stink,
stint,
stoic,
stoke,
stole,
stomp,
stony,
stood,
stool,
stoop,
stork,
stout,
strap,
stray,
strut,
stuck,
stump,
stung,
stunk,
stunt,
suave,
suing,
sulky,
sully,
sumac,
surer,
surge,
surly,
sushi,
swami,
swamp,
swarm,
swash,
swath,
swept,
swift,
swill,
swine,
swirl,
swish,
swoon,
swoop,
swore,
sworn,
swung,
synod,
syrup,
tabby,
taboo,
tacit,
tacky,
taffy,
taint,
taken,
taker,
tally,
talon,
tamer,
tango,
tangy,
taper,
tapir,
tardy,
tarot,
tasty,
tatty,
taunt,
tawny,
teary,
tease,
teddy,
teeth,
tempo,
tenet,
tenor,
tense,
tenth,
tepee,
tepid,
terra,
terse,
testy,
theft,
theta,
thief,
thong,
thorn,
threw,
throb,
thrum,
thump,
thyme,
tiara,
tibia,
tidal,
tiger,
tilde,
timer,
timid,
tipsy,
titan,
tithe,
toast,
toddy,
token,
tonal,
tonga,
tonic,
topaz,
torch,
torso,
torus,
totem,
toxin,
tract,
tramp,
trawl,
tread,
triad,
trice,
tried,
tripe,
trite,
troll,
trope,
trout,
trove,
truce,
truer,
trump,
truss,
tryst,
tubal,
tuber,
tulip,
tulle,
tunic,
turbo,
tutor,
twang,
tweak,
tweed,
tweet,
twine,
twirl,
twixt,
tying,
udder,
ulcer,
ultra,
umbra,
uncut,
undid,
undue,
unfed,
unfit,
unify,
unlit,
unmet,
unset,
untie,
unwed,
unzip,
urine,
usage,
usher,
using,
usurp,
utile,
utter,
vague,
valet,
valor,
valve,
vapid,
vapor,
vault,
vaunt,
vegan,
venom,
venue,
verge,
verse,
verso,
verve,
vicar,
vigil,
vigor,
villa,
vinyl,
viola,
viper,
viral,
visor,
vista,
vivid,
vixen,
vodka,
vogue,
voila,
vomit,
vouch,
vowel,
vying,
wacky,
wafer,
wager,
waive,
waltz,
warty,
waver,
waxen,
weary,
wedge,
weedy,
welch,
welsh,
wench,
whack,
wharf,
whelp,
whiff,
whine,
whiny,
whirl,
whisk,
whoop,
widen,
wider,
width,
wield,
wight,
willy,
wimpy,
wince,
winch,
windy,
wiser,
wispy,
witch,
witty,
woken,
women,
woody,
wooer,
wooly,
woozy,
wordy,
worse,
worst,
woven,
wrack,
wrath,
wreak,
wreck,
wrest,
wring,
wrote,
wrung,
wryly,
yacht,
yearn,
yeast,
zebra,
zesty,
zonal,