because,
through,
between,
another,
student,
country,
problem,
against,
company,
program,
believe,
without,
million,
provide,
service,
however,
include,
several,
nothing,
whether,
already,
history,
morning,
himself,
teacher,
process,
college,
someone,
suggest,
control,
perhaps,
require,
finally,
explain,
develop,
federal,
receive,
society,
special,
support,
project,
produce,
picture,
product,
patient,
certain,
century,
culture,
billion,
brother,
realize,
hundred,
husband,
economy,
medical,
current,
involve,
defense,
subject,
officer,
private,
quickly,
foreign,
natural,
concern,
similar,
usually,
article,
despite,
central,
exactly,
protect,
serious,
thought,
quality,
meeting,
prepare,
disease,
success,
ability,
herself,
general,
feeling,
message,
outside,
benefit,
forward,
present,
section,
compare,
station,
clearly,
discuss,
example,
various,
manager,
network,
science,
imagine,
tonight,
respond,
popular,
contain,
measure,
perform,
evening,
mention,
trouble,
instead,
improve,
soldier,
reflect,
surface,
purpose,
pattern,
machine,
address,
reality,
partner,
kitchen,
capital,
account,
western,
prevent,
citizen,
mission,
publish,
release,
opinion,
version,
species,
freedom,
achieve,
concept,
perfect,
conduct,
examine,
variety,
nuclear,
replace,
british,
feature,
weekend,
african,
element,
chinese,
attempt,
village,
express,
willing,
deliver,
vehicle,
observe,
average,
operate,
collect,
promote,
survive,
failure,
comment,
regular,
anybody,
quarter,
growing,
destroy,
context,
mistake,
clothes,
promise,
combine,
victory,
healthy,
finding,
contact,
justice,
eastern,
primary,
plastic,
writing,
chicken,
theater,
session,
welcome,
respect,
russian,
strange,
reading,
explore,
complex,
athlete,
meaning,
married,
predict,
weather,
supreme,
balance,
connect,
somehow,
analyst,
largely,
revenue,
package,
obvious,
anymore,
propose,
visitor,
hearing,
traffic,
capture,
content,
declare,
setting,
outcome,
airport,
english,
neither,
surgery,
correct,
ancient,
silence,
typical,
confirm,
attract,
bedroom,
totally,
stretch,
fashion,
welfare,
opening,
overall,
initial,
careful,
holiday,
witness,
beneath,
limited,
faculty,
liberal,
massive,
decline,
towards,
succeed,
fishing,
unusual,
closely,
approve,
acquire,
compete,
illegal,
forever,
israeli,
display,
musical,
suspect,
scholar,
warning,
climate,
payment,
request,
emotion,
airline,
library,
recover,
factory,
expense,
funding,
therapy,
housing,
violent,
suppose,
wedding,
portion,
abandon,
tension,
leading,
consist,
alcohol,
spanish,
passage,
arrange,
deserve,
resolve,
mexican,
symptom,
breathe,
suicide,
passion,
amazing,
intense,
advance,
inspire,
visible,
illness,
analyze,
parking,
enhance,
mystery,
poverty,
monitor,
digital,
heavily,
missile,
equally,
command,
veteran,
capable,
nervous,
tourist,
crucial,
deficit,
journey,
mixture,
whisper,
anxiety,
embrace,
testing,
stomach,
install,
concert,
channel,
extreme,
drawing,
protein,
absence,
rapidly,
speaker,
restore,
quietly,
utility,
highway,
routine,
islamic,
refugee,
barrier,
classic,
distant,
italian,
ceiling,
roughly,
lawsuit,
chamber,
profile,
penalty,
cabinet,
proceed,
dispute,
fortune,
genetic,
adviser,
whereas,
olympic,
fiction,
senator,
hunting,
journal,
testify,
founder,
dismiss,
finance,
diverse,
working,
unknown,
offense,
counter,
justify,
protest,
insight,
possess,
episode,
shortly,
assault,
license,
shelter,
tragedy,
funeral,
squeeze,
convert,
pretend,
elderly,
violate,
segment,
nowhere,
comfort,
radical,
storage,
leather,
council,
fantasy,
gesture,
ongoing,
chapter,
divorce,
sustain,
fifteen,
satisfy,
briefly,
consume,
tobacco,
besides,
wealthy,
fighter,
educate,
painful,
uniform,
qualify,
scandal,
helpful,
impress,
privacy,
contest,
organic,
bombing,
explode,
handful,
horizon,
curious,
undergo,
edition,
appoint,
battery,
arrival,
cluster,
habitat,
actress,
running,
worried,
portray,
carrier,
cooking,
miracle,
killing,
charity,
venture,
grocery,
exhibit,
blanket,
recruit,
painter,
courage,
formula,
captain,
gallery,
fitness,
inquiry,
compose,
related,
lightly,
trading,
surgeon,
physics,
counsel,
excited,
serving,
greatly,
pleased,
sponsor,
ethical,
entitle,
evident,
essence,
exclude,
pitcher,
reverse,
missing,
confuse,
monthly,
lecture,
swallow,
enforce,
contend,
frankly,
hallway,
monster,
crystal,
written,
consult,
forgive,
maximum,
warrior,
outdoor,
curtain,
walking,
playoff,
minimum,
execute,
chronic,
retired,
trigger,
virtual,
convict,
landing,
driving,
vitamin,
endless,
mandate,
reserve,
genuine,
scatter,
relieve,
suspend,
pension,
rebuild,
shuttle,
precise,
anxious,
liberty,
doorway,
teenage,
pursuit,
endorse,
thereby,
sharply,
garbage,
servant,
elegant,
confess,
starter,
banking,
gravity,
isolate,
hostage,
dynamic,
stumble,
descend,
readily,
romance,
circuit,
coastal,
burning,
diamond,
oversee,
trailer,
loyalty,
nominee,
alleged,
dignity,
seventh,
tightly,
dilemma,
shallow,
stadium,
condemn,
costume,
statute,
cartoon,
hostile,
vaccine,
opposed,
jewelry,
concede,
secular,
neutral,
biology,
whoever,
verdict,
subsidy,
dessert,
utilize,
rolling,
minimal,
cocaine,
sibling,
passing,
persist,
bicycle,
exploit,
charter,
consent,
workout,
hormone,
texture,
custody,
outline,
uncover,
catalog,
someday,
instant,
trainer,
eyebrow,
inherit,
pioneer,
kingdom,
terrain,
planner,
closest,
density,
persian,
feather,
tighten,
partial,
builder,
glimpse,
premise,
legally,
disturb,
logical,
slavery,
mineral,
halfway,
fucking,
auction,
triumph,
scratch,
harmony,
peasant,
deposit,
impulse,
dancing,
happily,
removal,
unhappy,
tourism,
exhaust,
fragile,
crowded,
prevail,
mansion,
cottage,
balloon,
sweater,
retreat,
premium,
fatigue,
provoke,
harvest,
specify,
transit,
seminar,
delight,
skilled,
summary,
dictate,